spec_name,seed,horizon,num_actions,H_hat,kappa_uniform,kappa_piG,J_uniform,J_piG,J_star
T2_A2,3653403231,2,2,4.0,0.9310016264199817,0.014130013360524028,1.475841952521468,1.8297121436047674,2.0292773869833103
T2_A2,2735729615,2,2,6.0,1.1111224069934107,0.021033423094977226,1.564343765546053,2.2068625360909637,2.3078461390164238
T2_A2,2195314465,2,2,8.0,1.8583987283203902,0.04989958135051573,1.5983281385040409,1.8269490782990727,1.9785798293977277
T2_A2,1158725112,2,2,6.0,0.48302210994780853,0.002546112183435111,1.2978664118611976,1.4223352909655065,1.5814407536909312
T2_A2,1322117304,2,2,5.0,0.8458936978251432,0.008102648640743802,1.4871930153496666,2.0291082869853283,2.2320389759626744
T2_A2,175979945,2,2,2.0,2.423025911198329,0.0014258304087511988,1.2498519849402248,2.1340241238855593,2.3375847264695646
T2_A2,323153949,2,2,5.0,1.330553965396937,0.0011421192780300647,1.635119013767086,2.3139181480669544,2.481409666372473
T2_A2,70985654,2,2,5.0,0.39060492004114106,0.019322410653347576,1.406647432664368,1.7339413590140567,2.098610445957401
T2_A2,752767291,2,2,4.0,0.2297224035280249,0.013560469744579454,2.047496479542728,2.2567300902340515,2.534426615362138
T2_A2,3492969080,2,2,4.0,0.7154965117629558,2.510808053731195e-05,1.6040917108460517,2.0066302497564568,2.235285088409703
T2_A2,2789219406,2,2,4.0,0.32059097752547216,0.014652882540725108,1.3961929339041763,1.6240660673325418,1.9324056477595013
T2_A2,3920255353,2,2,6.0,0.32132346286508984,0.018703943736724925,1.4104333694562665,1.5840664546172307,1.8917678892062288
T2_A2,2163061375,2,2,3.0,0.425341967993478,0.01884534255190092,1.545517676835446,1.9286793377676266,2.313915437224707
T2_A2,2605480817,2,2,7.0,0.6034452552275404,0.057601868860163274,1.1906642477274854,1.4167060574483747,1.6105303752594384
T2_A2,4169308741,2,2,4.0,0.23754420812460633,0.007093886719366129,1.899547129037465,2.0900003446608477,2.4868904709176216
T2_A2,3133163871,2,2,3.0,0.5953872516164185,0.0026231223623193207,1.9732534844313743,2.512434863275578,2.8869818144958264
T2_A2,2715582399,2,2,5.0,0.7125728925255223,0.006622959555152789,1.516789332255354,1.9299908743573777,2.115125113339744
T2_A2,2334851559,2,2,2.0,2.999273074624711,0.007909055721135542,1.1650541694438734,2.0444946913688646,2.193058753411167
T2_A2,2404827117,2,2,4.0,0.48031828726797815,0.016114427522407358,1.7985888091546782,2.0985710379638234,2.3611997928937827
T2_A2,4016105479,2,2,4.0,1.0631465395795834,0.009109330617566271,1.5861461841085716,2.0924900983175494,2.39880687715245
T3_A2,2242647589,3,2,5.0,0.7297465713957382,0.020469402929877062,2.161910115043077,2.541787996579553,2.8879362455156086
T3_A2,3821399010,3,2,5.0,1.2998153430437784,0.00514556716908974,2.1258574767072007,2.742641300775544,3.0842128977751617
T3_A2,4264680396,3,2,4.0,1.378269503758196,0.031878166250281455,2.0122992113863516,2.545412683300348,3.0518814702043153
T3_A2,2392889704,3,2,7.0,1.42237090512705,0.009039919818152761,1.8342520986982622,2.28559093311479,2.779685518155036
T3_A2,1301146046,3,2,8.0,1.7328535951274022,0.11298957002365219,1.6987681483400985,2.4972179614318,2.7102611559004623
T3_A2,3439874040,3,2,5.0,1.9285290172594696,0.007900503293736432,1.9573272724148505,2.438544958173206,2.6255035039111125
T3_A2,982227334,3,2,4.0,0.953489313322146,0.01709133574277799,1.7439001974737816,2.349497687594761,2.720264692547413
T3_A2,4108195564,3,2,7.0,0.46975904135456054,0.01002595732685192,2.0850617772766453,2.395900314740972,2.618165566645527
T3_A2,3828018002,3,2,4.0,0.8137495518210981,0.0644652604107441,2.194457471938528,2.63868552677047,2.9449982711683527
T3_A2,251750195,3,2,7.0,0.6304604639080013,0.02261070303930665,2.4012828959678405,2.685200022986509,2.9432316798158222
T3_A2,272133842,3,2,9.0,0.5483021218733432,0.07767747911724739,1.6069783640133164,1.7606617535036966,2.066649062278711
T3_A2,1015333255,3,2,5.0,1.1449069824749052,0.016626082138702675,1.7519839852191788,2.4427763702895673,2.797336310852822
T3_A2,1077298781,3,2,7.0,0.2624463352761208,0.011244048506002271,2.3270512788695012,2.5161130091729564,2.8907803814105195
T3_A2,3383627625,3,2,7.0,0.8889556512481533,0.032257180930957426,2.3750965353837037,2.9598006572442834,3.3011476774201713
T3_A2,1087800620,3,2,6.0,1.0018957968344324,0.1520976559943938,1.6041835751728852,2.0562211991366093,2.5975946263526595
T3_A2,1323882,3,2,5.0,2.6587735170515114,0.015613815832807142,1.7241187839528815,2.9346032521322605,3.1057485657509107
T3_A2,166436861,3,2,5.0,0.9716942395959195,0.021143702521686087,1.9282323740536382,2.398157454566413,2.610562555148787
T3_A2,3116956866,3,2,6.0,1.1351760311746273,0.01190115825356917,2.175247149229442,2.836258362061017,3.229914833812308
T3_A2,4110647490,3,2,9.0,0.9462375842198443,0.017964552654868498,1.6138869448500601,1.9666326489368338,2.1880905769453696
T3_A2,2657582573,3,2,3.0,0.5212419886626933,0.005013365042433243,1.9111041474727402,2.3227912327378486,2.8690189471357765
T4_A2,4206763307,4,2,5.0,0.8886488881955896,0.02644229034404262,2.647733370064767,3.1853955471907986,3.6537074658228796
T4_A2,347136604,4,2,6.0,1.5471745494136886,0.05948535895987643,2.950760667520076,3.5051745244209433,4.125381306414332
T4_A2,1232261001,4,2,5.0,1.3978385048686597,0.059919812502757054,2.5738193504643494,3.2672310026280966,3.785058572638725
T4_A2,1728457155,4,2,7.0,0.8800431374725497,0.025198706997637235,2.2963199862025205,2.808153798679773,3.332517696852536
T4_A2,983566164,4,2,8.0,0.9609751344554099,0.047453346080740276,2.7840547617184526,3.226156018712647,3.626360540897349
T4_A2,2582517476,4,2,3.0,1.3305317697991885,0.0959920970051375,2.3522727658873515,3.2096854439555775,4.021339716122953
T4_A2,3832758438,4,2,6.0,1.4847204066154203,0.007994554629006145,2.5594713615112057,3.180134398160253,3.5586712038844714
T4_A2,623200764,4,2,8.0,0.738578716628455,0.04714830926520675,2.525879787142628,2.922160209697046,3.318514876374776
T4_A2,1873221527,4,2,7.0,2.25383162633041,0.08943916224310193,2.3211500257874578,3.1313442506667917,3.4757218986924823
T4_A2,495290062,4,2,8.0,1.8305992853696125,0.01326068173244404,2.774390503773907,3.8145063902121703,4.235930219042846
T4_A2,209939332,4,2,5.0,1.3807586237486607,0.018203621520815977,2.5141940496003117,3.377215188148548,3.779982118067988
T4_A2,1404191028,4,2,6.0,0.851540378310078,0.07522282775759472,2.5264973007226876,3.040022084773411,3.486367370774489
T4_A2,4110326245,4,2,8.0,0.8655363735949485,0.07800221842456642,2.1598298567869247,2.6475689550609767,3.1883440086248607
T4_A2,508273667,4,2,4.0,1.0118056035213878,0.04590978238418572,2.4499860255856794,3.0396409576871943,3.662561568295382
T4_A2,4090077127,4,2,4.0,1.1555149960928779,0.028994423486718213,2.388828712955485,3.0108269126742933,3.5061522425534006
T4_A2,1618445426,4,2,5.0,1.3407018753484579,0.04793019608933265,2.399628696272016,3.0111783520708326,3.500527557452865
T4_A2,279396865,4,2,8.0,1.4699755330291944,0.06698105142714886,2.0311924850833076,2.708301356390288,3.1650587210321475
T4_A2,2059545239,4,2,5.0,2.160644018950553,0.016454275544394204,1.8846797978719132,2.581403655035231,2.8804678251946276
T4_A2,1122616902,4,2,6.0,0.40854985100314073,0.022986556669119675,2.9447523042231087,3.163521321094358,3.599635728393297
T4_A2,1690439037,4,2,5.0,0.7444228983675386,0.07010972104664685,3.1457128598086035,3.522562737699348,3.883744216396881
T4_A3,2163987359,4,3,5.785578521428744,1.685604449280392,0.02312753924331486,2.4092688464580654,3.2132468048599256,4.0126838243343395
T4_A3,3843878652,4,3,6.154648767857287,1.8681902322820938,0.03701677653750641,2.6051930028084715,3.5368391455627313,4.2237229724973435
T4_A3,4100047885,4,3,5.154648767857287,1.7478168103481357,0.03561261251942201,2.5021767114087545,3.625859534549775,4.386919905349865
T4_A3,3695451866,4,3,9.047438028571658,1.48520485362979,0.07246415681008547,2.553750895976409,3.5410737873646556,4.251194772068528
T4_A3,2995441214,4,3,6.154648767857287,1.3715218414310781,0.07759696715031725,2.549080612577538,3.2674665060061163,4.044990854289364
T4_A3,1380294351,4,3,5.154648767857287,1.5112553201556238,0.046663871148454224,2.5958964572472407,3.3573768643764845,4.1170806607340875
T4_A3,2493902411,4,3,4.154648767857287,1.3702509654514914,0.03809694171339798,2.3472787230218377,3.1531914455560677,3.8978849588530133
T4_A3,1360966080,4,3,4.154648767857287,1.7549918990127602,0.04435254854567516,2.5800994037696094,3.4500372390884224,4.172991667010518
T4_A3,4209424190,4,3,5.785578521428744,1.1547382765771272,0.0595245789223336,2.493232876311913,3.195894335546497,3.8882259695285333
T4_A3,1284770779,4,3,4.785578521428744,1.1499292823205618,0.04039640502300692,2.7630259299374345,3.466835313491667,4.328555460056843
T4_A3,2746115055,4,3,7.047438028571659,1.117051301165627,0.04085598438156584,2.79254972391571,3.449108168678229,4.216278359301167
T4_A3,2957041934,4,3,5.416508275000202,1.3767177538929953,0.02108083397528832,2.590020146840276,3.3444910802084946,4.167947157397784
T4_A3,765861349,4,3,4.785578521428744,1.1091014896680391,0.04525353063301576,2.5914531875783,3.3147187388395896,4.108255407891107
T4_A3,1375601870,4,3,5.416508275000202,1.159897622216915,0.035842108458349925,2.7177807078612815,3.340233914269689,3.989930664810545
T4_A3,1060218529,4,3,5.154648767857287,1.0746422513615939,0.04206566747698287,2.6232422099062513,3.243614119618737,4.033890731082305
T4_A3,3104841712,4,3,6.785578521428744,1.5494729342385534,0.05234916910516015,2.571350368224475,3.421554190569484,4.169002686266152
T4_A3,275264908,4,3,4.154648767857287,1.4404253279065826,0.035464630782980074,2.7139277281677896,3.598847178093516,4.555204339304779
T4_A3,3795156111,4,3,4.785578521428744,1.468316998363937,0.034459427402546365,2.5158407149879767,3.5291582288638663,4.391610606895742
T4_A3,707760615,4,3,5.785578521428744,1.082042738554288,0.028937100631650402,2.6347894545503157,3.215379487464821,3.995248687665462
T4_A3,3996712912,4,3,7.154648767857287,1.2093421671211018,0.07872927809817988,2.672751679627469,3.5063714730596343,4.324596998606751
T5_A2,1935377987,5,2,7.0,0.8648714153486906,0.03951747289055613,3.3203189501386636,3.917059431242215,4.528008602630968
T5_A2,3792765083,5,2,10.0,1.8854773224694763,0.06417768508366854,2.6437305261201516,3.464015198012653,3.9571807808181294
T5_A2,1988523316,5,2,5.0,2.1537586178202783,0.28576286389086175,2.923551280095923,3.8224920400907316,4.568567371525745
T5_A2,981798049,5,2,8.0,0.8015072826455031,0.043114669880997505,2.7459772063065566,3.2164200231966595,3.7714074770777457
T5_A2,3449724503,5,2,5.0,1.4652964838474416,0.18751762904717945,3.048420232440844,3.9500425377342316,4.866966322503183
T5_A2,1763713698,5,2,5.0,1.3653038052607052,0.03807100031105972,2.896622368793292,3.8392609734085954,4.584371297761188
T5_A2,240224476,5,2,6.0,1.7342163827222754,0.12410010834027617,3.1872860531664546,4.339396806066773,4.998625509909519
T5_A2,3312632289,5,2,4.0,1.7826217286264867,0.06575297586495978,3.0283085620810777,4.29694278783994,5.120154088314138
T5_A2,661215060,5,2,7.0,1.4312078067746523,0.0448352961060478,2.4645385891475677,3.1724363336148036,3.778452700550946
T5_A2,943105452,5,2,8.0,1.6228529704596817,0.03754810384900419,2.9950542894884684,3.938880188289132,4.427521936565306
T5_A2,2800419469,5,2,7.0,1.5503286875715423,0.032725694646084554,3.183032597753544,3.9933516872834507,4.555210806875784
T5_A2,2961123529,5,2,5.0,3.6702756169594255,0.03068109805062676,2.72198882675599,4.077543719442048,4.514636779810862
T5_A2,3541852394,5,2,6.0,1.2748012552766705,0.09630974173519845,2.776146790129288,3.5674137628122513,4.340916357502072
T5_A2,3549952996,5,2,8.0,1.80493590093746,0.03022393496988464,3.0628916795240655,3.9488826883737,4.364860118474608
T5_A2,2451525623,5,2,7.0,1.3482646369485858,0.04259534863877631,2.8278972072655315,3.6562654808407595,4.161455432245309
T5_A2,3430362420,5,2,6.0,1.779574376591694,0.03338944451597711,2.978519325130103,3.8813624091495047,4.3963598618788104
T5_A2,4253630298,5,2,8.0,2.6562815893796494,0.025758207586887377,2.473483374229781,3.219590799658847,3.7202419138284424
T5_A2,2824765191,5,2,10.0,1.5881422340107834,0.06353998517240472,2.866893745440538,3.4695872832616517,3.8897102840720805
T5_A2,138359681,5,2,5.0,1.694911674238046,0.05485455512816514,2.769320352415104,3.723184842585513,4.247325336615529
T5_A2,2615713962,5,2,6.0,1.3928632974085438,0.17664233407265825,2.8922594818700955,3.738286008681476,4.483728568510372
T6_A2,2991032210,6,2,6.0,1.8691897938257878,0.02739788864188937,3.3924565290564277,4.402702216414494,5.199131191300648
T6_A2,1641262057,6,2,6.0,1.66666423092658,0.07522479331787894,3.5629463562821995,4.365226191674239,5.00721233587858
T6_A2,3571877218,6,2,8.0,1.4021998579423118,0.0866626368313984,4.024732765044272,4.81466532612151,5.507260967146806
T6_A2,2352564299,6,2,7.0,1.765264872340623,0.04853777151147916,3.7421169170531425,4.650958103806819,5.237434948999342
T6_A2,1677727288,6,2,7.0,1.3127380926328749,0.10745587154615924,3.422903617971285,4.2649445871814775,4.942123500741006
T6_A2,1767113346,6,2,8.0,1.196358377411911,0.08928115150538617,2.945479212897962,3.5813616662330947,4.414116966393337
T6_A2,1341524466,6,2,11.0,2.516305763005843,0.07456433885878261,4.019452170519287,5.180953776806992,5.716002916770457
T6_A2,1584427414,6,2,10.0,1.818465066963874,0.04840365003295349,3.925776364037752,4.993336688252962,5.6562072477893155
T6_A2,1695597243,6,2,8.0,2.227504928924366,0.10402390758539373,3.6458298000862004,4.648956527553136,5.504814916660851
T6_A2,593968095,6,2,8.0,1.582548771352299,0.10702985412802522,3.383587255013475,4.053965462467419,5.031611159242635
T6_A2,3250018252,6,2,7.0,2.1585706671243368,0.050478999956933994,3.1953994324033532,4.251605260100418,4.904544540110013
T6_A2,2628806685,6,2,6.0,1.986306209302415,0.14190163501597294,3.5584000748384415,4.621293576724574,5.252696514437596
T6_A2,1003606948,6,2,7.0,2.058754518678017,0.10478574143848307,3.6418509650359527,4.578285516324408,5.437690424277555
T6_A2,1658092859,6,2,8.0,1.7938096066621967,0.05315449700232682,3.530739493077725,4.471316541236361,5.040194870177324
T6_A2,1287622641,6,2,8.0,2.1311281951144005,0.0474985520177292,3.6092197827166044,4.909546439000249,5.6051093813405775
T6_A2,4226707766,6,2,7.0,1.6831377421833358,0.10231381950742381,3.9023178699404886,4.82430244516195,5.4084691207930256
T6_A2,1964874155,6,2,7.0,1.6731107847175535,0.07890625962648933,3.7665297924888015,4.725248239678065,5.435373591371092
T6_A2,2604398001,6,2,6.0,1.385236573940175,0.037078105366428034,3.536627709236408,4.427326893715903,5.161218885206408
T6_A2,3395753461,6,2,10.0,1.9877666281689659,0.06414389143835345,3.792275207243912,4.976828722474031,5.461409608868388
T6_A2,712034664,6,2,7.0,1.3201820522762033,0.06760980511999927,3.1194174575100124,3.685259662205218,4.2825996996903255
T3_A4,1937244028,3,4,5.0,0.691203209483582,0.022973492074024583,2.1509189497477847,2.5969624151931336,3.415809762851657
T3_A4,1769923155,3,4,5.0,1.1181505420518087,0.07684569698346053,1.9667961827441465,2.5390284914262686,3.220875249569316
T3_A4,2222358531,3,4,4.0,1.167585304290834,0.03576871530350154,1.9111259872258808,2.672186012870048,3.42932680476496
T3_A4,916095651,3,4,5.0,0.8303249168817783,0.03365208784590316,2.3549168554718234,2.9243764127333303,3.706133686783462
T3_A4,4170116288,3,4,4.5,1.3599219846647521,0.03531429618694845,1.6482395582938973,2.235393533199151,2.9957718180081017
T3_A4,3129995824,3,4,5.0,0.8288924775291611,0.03687084822761988,2.26363451132217,2.715507101918643,3.2884116377352397
T3_A4,3078286761,3,4,6.5,1.4888649190269945,0.03912215679646809,1.9966120176328808,2.6831097321893638,3.24758035952809
T3_A4,2344674648,3,4,5.0,1.6430088762255104,0.01838309363276957,1.8587924074476339,2.5401199004961152,3.3013327016605145
T3_A4,2472685471,3,4,4.5,1.2987748627057922,0.03598523205792603,1.8610818444543245,2.5338169067028207,3.150052370273269
T3_A4,2289614822,3,4,4.0,1.7174991924506027,0.025544243637677298,1.6602049386261415,2.242326145843112,3.018580018265521
T3_A4,2844023891,3,4,5.0,1.4130782217447253,0.1609363369928306,1.8867193670121734,2.7049071000013147,3.3898997040790775
T3_A4,2691373352,3,4,4.0,0.9669911605964837,0.03352420361980914,2.029376758644373,2.5190453999409748,3.4424589858596963
T3_A4,2880686573,3,4,7.0,1.2616474759527312,0.03659807659978617,2.003273459768077,2.676184385933503,3.255389365094281
T3_A4,3539334365,3,4,4.0,0.7323378684215659,0.028152807246610574,2.2490517604342988,2.7507108291713718,3.648196109666058
T3_A4,693516645,3,4,3.5,1.0400359396480847,0.024122948203708805,2.0620121521483945,2.759894029340083,3.8187511250158317
T3_A4,304760317,3,4,3.5,1.512738545351083,0.03452952999380037,1.931998740278604,2.8044133693949695,3.44291645093202
T3_A4,3127626771,3,4,6.0,0.8132773506438079,0.03603505781079717,2.3622593230263824,2.7942224958551782,3.416616659710675
T3_A4,563543006,3,4,4.5,0.7816674720603575,0.03124932616329875,2.3216370215331303,2.789262154864095,3.5877247044314515
T3_A4,2071757275,3,4,5.0,1.3236731404564723,0.11187487567256191,1.9131491771047233,2.4974190880883027,3.138799528810443
T3_A4,365744374,3,4,7.0,1.0701451377270634,0.032999260302487905,2.023694695906556,2.573057612937259,3.230052179714997
