spec_name,seed,horizon,num_actions,H_hat,kappa_uniform,kappa_piG,J_uniform,J_piG,J_star
T2_A2,3653403231,2,2,2.0,0.9310016264199817,0.014130013360524298,-3.162873061664825,-1.7261716450762141,-1.1770135547964449
T2_A2,2735729615,2,2,2.0,1.111122406993411,0.02103342309497719,-2.993744516677357,-1.2614106818351916,-0.8955189311800925
T2_A2,2195314465,2,2,2.0,1.8583989781857275,0.04989958135086932,-4.190189665429102,-1.9556148474215695,-1.5778850248801888
T2_A2,1158725112,2,2,1.0,0.4830221099478086,0.002546112183435102,-3.2814270757577564,-2.4416527892266413,-1.9739897071454346
T2_A2,1322117304,2,2,1.0,0.8458936978251435,0.008102648640744026,-2.6998113892832,-1.385491724451052,-0.9518969219917837
T2_A2,175979945,2,2,1.0,2.4230259111983288,0.0014258304087507207,-4.8765025250636915,-1.2407744280320228,-0.8168512890272683
T2_A2,323153949,2,2,1.0,1.3305539653969372,0.001142119278030154,-2.8279970482829593,-0.8770708995168027,-0.5812496578834674
T2_A2,70985654,2,2,2.0,0.3906049200411411,0.0193224106533478,-2.898067538140929,-2.23816074399141,-1.6839429853875076
T2_A2,752767291,2,2,1.0,0.2297224035280253,0.013560469744579503,-1.352737145409512,-0.944372014685441,-0.5211539190814631
T2_A2,3492969080,2,2,1.0,0.7154965117629558,2.510808053734962e-05,-2.6465478047159032,-1.4683914531619264,-1.1165315775433184
T2_A2,2789219406,2,2,1.0,0.32059097752547216,0.014652882540724936,-2.593452607560773,-1.983435410997742,-1.3239106733431147
T2_A2,3920255353,2,2,1.0,0.3213234628650895,0.018703943736725348,-2.746971946539603,-2.1837274996187737,-1.7153016887581718
T2_A2,2163061375,2,2,1.0,0.4253419679934778,0.018845342551901092,-2.601132180108164,-1.7176765802565395,-0.8133510516953344
T2_A2,2605480817,2,2,2.0,0.6034452552275408,0.05760186886016323,-3.423403998589908,-2.4394814429147833,-1.8818736653968364
T2_A2,4169308741,2,2,2.0,0.237544208124606,0.007093886719366021,-1.7951491750255284,-1.3345408464033608,-0.5633866604839445
T2_A2,3133163871,2,2,1.0,0.5953872516164183,0.0026231223623196676,-1.6872677329317007,-0.6700550122541726,-0.11623285532371748
T2_A2,2715582399,2,2,2.0,0.7125728925255218,0.006622959555153133,-2.5641286287493794,-1.4474327142964363,-1.077046770879859
T2_A2,2334851559,2,2,1.0,2.9992730746247114,0.00790905572113524,-5.883324983136642,-1.4397260512439263,-0.9793127212636804
T2_A2,2404827117,2,2,2.0,0.4803182872679784,0.01611442752240716,-2.30489587595397,-1.4431487416052655,-0.79370071107225
T2_A2,4016105479,2,2,2.0,1.0631465395795832,0.009109330617566344,-2.885583082419074,-1.30870874807992,-0.7621873242669652
T3_A2,2242647589,3,2,2.0,0.7297465713957375,0.020469402929877183,-3.296296832537047,-2.0990849297126,-1.3530604417117171
T3_A2,3821399010,3,2,2.0,1.2998153430437789,0.005145567169089669,-3.804420944652532,-1.8060169119182554,-1.0462598566393146
T3_A2,4264680396,3,2,3.0,1.3782695037581962,0.03187816625028131,-4.186701423236775,-2.108896848668346,-1.1458629762648762
T3_A2,2392889704,3,2,1.0,1.4223709051270492,0.009039919818153086,-5.153283640804562,-2.9318838979616473,-2.148062748997834
T3_A2,1301146046,3,2,2.0,1.7328535951274016,0.11298957002365202,-4.746359657360481,-2.1212570199494194,-1.7904613142627794
T3_A2,3439874040,3,2,2.0,1.92852901725947,0.0079005032937362,-5.613002533399332,-2.5745025760387974,-1.9517907929920417
T3_A2,982227334,3,2,1.0,0.9534893133221458,0.017091335742778,-4.091903638549553,-2.4794025399071247,-1.7413087733990555
T3_A2,4108195564,3,2,1.0,0.4697590413545609,0.010025957326851449,-3.1178271296163063,-2.3058766758761386,-1.722618545358693
T3_A2,3828018002,3,2,2.0,0.8137495518210975,0.06446526041074438,-3.3654240804508198,-2.0454943841247375,-1.3997267994049796
T3_A2,251750195,3,2,1.0,0.6304604639080011,0.022610703039306457,-2.837541971154342,-1.9232085265326466,-1.2608207104708369
T3_A2,272133842,3,2,3.0,0.5483021218733435,0.0776774791172477,-4.845507991996129,-3.9664701357249976,-3.41780450631358
T3_A2,1015333255,3,2,1.0,1.1449069824749054,0.016626082138702175,-4.402504612999067,-2.4703895649194125,-1.6709637281815377
T3_A2,1077298781,3,2,3.0,0.2624463352761203,0.011244048506001547,-2.635006914835234,-2.1472211587038745,-1.5533637298879301
T3_A2,3383627625,3,2,2.0,0.8889556512481527,0.032257180930957585,-3.1737268016200093,-1.5638469262798576,-0.8088891854949587
T3_A2,1087800620,3,2,2.0,1.0018957968344329,0.15209765599439323,-4.882525326666763,-3.341023220582741,-2.689753203503254
T3_A2,1323882,3,2,1.0,2.65877351705151,0.015613815832807435,-5.322330359715406,-1.4677222556261647,-1.0640045781265854
T3_A2,166436861,3,2,2.0,0.9716942395959196,0.02114370252168619,-4.15431099584698,-2.677271465353797,-2.134579012351052
T3_A2,3116956866,3,2,1.0,1.135176031174627,0.01190115825356995,-3.40856505475876,-1.6896961465401465,-1.0085327518008378
T3_A2,4110647490,3,2,1.0,0.9462375842198443,0.01796455265486843,-4.692840797246627,-3.213463518110533,-2.579276995339001
T3_A2,2657582573,3,2,1.0,0.5212419886626937,0.005013365042432671,-3.7184960625019325,-2.7811545661170993,-1.7830040797042326
T4_A2,4206763307,4,2,2.0,0.8886488881955883,0.026442290344043447,-4.232692827906708,-2.7569555520134057,-1.8240431083841406
T4_A2,347136604,4,2,2.0,1.5471745494136904,0.05948535895987633,-4.333211901690951,-2.013583357824264,-1.037683711120709
T4_A2,1232261001,4,2,2.0,1.3978385048686586,0.05991981250275699,-4.513184227615698,-2.4111111785649197,-1.5658187059241604
T4_A2,1728457155,4,2,4.0,0.8800431374725486,0.025198706997637037,-5.059396754195367,-3.5414091191669903,-2.5621432973621094
T4_A2,983566164,4,2,4.0,0.9609751344554096,0.047453346080739756,-4.142370416495259,-2.644211495984817,-1.9157604536713264
T4_A2,2582517476,4,2,2.0,1.3305317697991894,0.09599209700513797,-4.991288672685127,-2.7532034506223924,-1.2442391455549184
T4_A2,3832758438,4,2,2.0,1.4847204066154185,0.007994554629005415,-5.031339511346642,-2.6866545866049245,-1.8588733244841946
T4_A2,623200764,4,2,2.0,0.7385787166284544,0.047148309265207154,-4.853372916451542,-3.5796089469859425,-2.6835567430133174
T4_A2,1873221527,4,2,2.0,2.2538316288405222,0.08943916224310161,-6.62903010305295,-3.3991842407588853,-2.7587122315893056
T4_A2,495290062,4,2,1.0,1.8305992853696136,0.013260681732444648,-4.473197464511471,-1.644388750885188,-0.9013157982031953
T4_A2,209939332,4,2,2.0,1.3807586237486644,0.018203621520815356,-4.974936962109775,-2.5586641644741586,-1.6950900039525423
T4_A2,1404191028,4,2,3.0,0.85154037831008,0.07522282775759509,-4.430101988295649,-2.9666029182800893,-1.8221491566738381
T4_A2,4110326245,4,2,3.0,0.8655363735949486,0.07800221842456556,-5.745794741682558,-4.207423810622976,-2.7855886867305797
T4_A2,508273667,4,2,3.0,1.0118056035213872,0.045909782384185485,-4.928356512763803,-3.2332389050402397,-2.166245458798866
T4_A2,4090077127,4,2,2.0,1.1555149960928803,0.0289944234867172,-5.200412503094116,-3.240137169758074,-2.1728983267498747
T4_A2,1618445426,4,2,1.0,1.3407018753484623,0.047930196089332744,-5.155695321426165,-3.039456696471147,-2.006192552411937
T4_A2,279396865,4,2,4.0,1.4699755330291946,0.06698105142714898,-6.405357274459693,-4.045173101120521,-2.927197707011824
T4_A2,2059545239,4,2,2.0,2.160644026827052,0.016454275545576658,-8.771647431817792,-5.432766231197733,-4.493135274782441
T4_A2,1664594612,4,2,3.0,1.2790416580845425,0.04402867834891873,-5.298667201401495,-3.395878456531588,-2.7408674145853316
T4_A2,1122616902,4,2,2.0,0.40854985100313945,0.022986556669120264,-3.6226597896476753,-2.9678262435191693,-2.248064810864226
T4_A3,2163987359,4,3,2.6309297535714573,1.6856052286797676,0.023127539247975983,-5.543941030775405,-2.8222416567135222,-1.1430049814929237
T4_A3,3843878652,4,3,3.0,1.868190251880503,0.03701677653780106,-5.047651475046647,-2.153657500208043,-0.8767081724682195
T4_A3,4100047885,4,3,3.0,1.7478168133221774,0.0356126125198247,-5.0134683993962605,-2.0379890581489577,-0.6948861310010783
T4_A3,3695451866,4,3,2.0,1.4852048549099848,0.07246415681024948,-4.744911981203797,-2.214989263311965,-0.8827975733344547
T4_A3,2995441214,4,3,4.8927892607143715,1.3715218414310817,0.07759696715031467,-4.809992709038252,-2.564295857066718,-1.1320672673328356
T4_A3,1380294351,4,3,3.0,1.5112553201556296,0.04666387114845328,-4.863736507963304,-2.4276576889861463,-0.9944812843488177
T4_A3,2493902411,4,3,3.0,1.3702509654514927,0.03809694171340243,-5.364258422471811,-2.9314862990158788,-1.3291961484747916
T4_A3,1360966080,4,3,2.0,1.754991900360272,0.044352548546220075,-4.976060525025051,-2.2099365118102976,-0.9921732931792278
T4_A3,4209424190,4,3,2.0,1.1547382765771208,0.059524578922330935,-4.977010464439287,-2.92729607343027,-1.3092116127875766
T4_A3,1284770779,4,3,3.0,1.1499292915650186,0.04039640502349954,-4.073214575110287,-2.2248444255428317,-0.7269280259028796
T4_A3,2957041934,4,3,2.6309297535714573,1.376717755244455,0.021080833975542695,-4.803077353009563,-2.4758723597375334,-0.9621734620446465
T4_A3,765861349,4,3,3.0,1.1091014896680431,0.045253530633015515,-4.463265993667542,-2.544725143645066,-1.0291928462241753
T4_A3,1375601870,4,3,5.261859507142915,1.1598976609658715,0.03584210846029048,-4.25733055002074,-2.4096059593713983,-1.2239267153488542
T4_A3,1060218529,4,3,3.0,1.074642289345408,0.04206566747768253,-4.540788314989274,-2.7281165289948683,-1.4660569698388777
T4_A3,889921982,4,3,4.0,1.2505129075262424,0.05516180209948757,-4.685071826049844,-2.6681845919355593,-1.3418453244870885
T4_A3,275264908,4,3,3.0,1.4404253711130022,0.03546463078425085,-4.352076991901889,-1.9675288764476202,-0.4799822732663549
T4_A3,3795156111,4,3,2.0,1.4683169983639415,0.03445942740254499,-4.772300130910337,-2.2110831165456832,-0.7014036978112534
T4_A3,707760615,4,3,4.0,1.0820427385542923,0.02893710063165094,-4.5567545573569825,-2.7883104482318286,-1.3874358468190184
T4_A3,3996712912,4,3,4.0,1.2093421671211018,0.07872927809818157,-4.349826103095965,-2.2356806723977733,-0.8547080100704052
T4_A3,3900962819,4,3,4.8927892607143715,1.4234665563191111,0.049379224077036585,-4.704392227223855,-2.4550020312588146,-0.9919708778070055
T5_A2,1935377987,5,2,2.0,0.8648714153486947,0.039517472890555246,-4.793592702395153,-3.2224820829685554,-1.9382989706957354
T5_A2,3792765083,5,2,3.0,1.8854773224694727,0.06417768508366856,-6.935178616118297,-4.04274955504347,-3.051646845670815
T5_A2,1988523316,5,2,4.0,2.1537586249105605,0.28576286389378436,-7.273219273237813,-3.557809028209791,-1.881452638938072
T5_A2,981798049,5,2,3.0,0.8015072826455039,0.043114669880996194,-6.072403213108624,-4.718245033554492,-3.7081863190858706
T5_A2,3449724503,5,2,3.0,1.465296483847443,0.1875176290471797,-5.571246894802762,-3.073731744864509,-1.4329762439936617
T5_A2,1763713698,5,2,2.0,1.3653038052607018,0.038071000311061746,-5.66856301814175,-3.286375941655949,-1.9554246189544113
T5_A2,2604831258,5,2,4.0,1.4314972089248654,0.10188323566997295,-6.789985455168225,-4.490010388140315,-3.498934911923643
T5_A2,1918533031,5,2,3.0,1.4077471244463982,0.053768548841062004,-6.026476782342149,-3.680721944897012,-2.7359439477556338
T5_A2,240224476,5,2,3.0,1.7342163827222714,0.12410010834027574,-5.447202474153369,-2.598934292630399,-1.2075739620910213
T5_A2,3312632289,5,2,2.0,1.7826217286264918,0.06575297586496118,-5.556652558475659,-2.450928744462049,-1.0259691634951154
T5_A2,661215060,5,2,3.0,1.431207806774651,0.04483529610604881,-7.1555333186566825,-4.7150828818449035,-3.452694472106587
T5_A2,943105452,5,2,2.0,1.6228529709460822,0.037548103849210576,-5.496930238567312,-2.8937665331052953,-1.8863028122507355
T5_A2,2800419469,5,2,3.0,1.5503286878105564,0.0327256946460859,-5.309880579329995,-2.930303773545286,-1.8309757743412065
T5_A2,2961123529,5,2,2.0,3.6702789805495275,0.030681098061284683,-7.82067652498934,-2.757070071206553,-1.7930231607244789
T5_A2,3541852394,5,2,2.0,1.2748012552766717,0.0963097417351981,-6.330114041518644,-4.138544578312131,-2.670769833253607
T5_A2,3549952996,5,2,3.0,1.8049359009374633,0.030223934969884268,-5.770511417641904,-3.020904875708813,-2.091184426770268
T5_A2,2451525623,5,2,3.0,1.348264636948586,0.042595348638775794,-5.96244262519984,-3.639416989917761,-2.5532811380551212
T5_A2,3430362420,5,2,2.0,1.7795743765917034,0.03338944451597647,-6.151202799053202,-3.1626791362286473,-2.0195879764068065
T5_A2,4253630298,5,2,4.0,2.656281589726267,0.025758207587043593,-8.282798328813943,-4.639861314727581,-3.8013659099921657
T5_A2,2824765191,5,2,2.0,1.5881422340107805,0.06353998517240754,-6.583670966435136,-4.116461579662866,-3.222268413695798
T6_A2,2991032210,6,2,2.0,1.869190046426422,0.027397888644561767,-7.535406256629471,-4.5477225796233585,-3.227378531238658
T6_A2,1641262057,6,2,4.0,1.6666642389092883,0.0752247933188579,-6.502653743827939,-3.7776962915657064,-2.407387036927813
T6_A2,3571877218,6,2,3.0,1.402199869835196,0.08666263683156383,-5.524937184625913,-3.260793729661506,-2.095325010344011
T6_A2,2352564299,6,2,3.0,1.7652651177706093,0.04853777152660796,-6.569277747173498,-3.7047160895820324,-2.2227828101717964
T6_A2,1677727288,6,2,4.0,1.3127380926328749,0.10745587154616247,-6.476170526668386,-4.246500444078469,-3.0866602945425856
T6_A2,1767113346,6,2,3.0,1.1963583774119142,0.08928115150538615,-8.403532729296247,-6.41442474974149,-5.13370167747025
T6_A2,1341524466,6,2,4.0,2.516309907871256,0.07456433887250882,-6.141227976648039,-2.563275810762937,-1.534841718582504
T6_A2,1584427414,6,2,3.0,1.81846507274333,0.048403650033286574,-5.652393116687012,-2.7748460012957987,-1.6341409236185283
T6_A2,1695597243,6,2,4.0,2.2275049849637094,0.10402390759366535,-6.893590001486868,-3.514790458854647,-1.7953504003476177
T6_A2,593968095,6,2,3.0,1.5825488714977507,0.10702985412885481,-7.26982173614631,-4.727007155238815,-3.5248253645503604
T6_A2,3250018252,6,2,3.0,2.158570719924573,0.05047899995804152,-8.40337430348257,-4.986220604321467,-3.6243736090899703
T6_A2,2628806685,6,2,3.0,1.9863062093024115,0.1419016350159789,-6.676412930562785,-3.5557732538196203,-2.428553012032562
T6_A2,1003606948,6,2,3.0,2.058756199448517,0.10478574144363906,-6.688100912067954,-3.6429442098108806,-2.1993489688020222
T6_A2,422840175,6,2,2.0,2.1788498999719135,0.15161562593882227,-7.297296151828041,-3.781508423421509,-2.418540964180872
T6_A2,1658092859,6,2,3.0,1.7938097713791563,0.05315449701575601,-6.6144393300002395,-3.771606716580077,-2.4872201991735445
T6_A2,2735222429,6,2,3.0,2.202821175186478,0.03967380439096126,-7.401394925045529,-3.744735462850395,-2.5829162000248838
T6_A2,1287622641,6,2,3.0,2.1311285138221807,0.0474985520339188,-6.522571147191674,-2.9348415638215517,-1.6504814908775238
T6_A2,329827512,6,2,3.0,1.4296034776396969,0.24869406964145013,-7.616188823098441,-5.157844165039724,-3.5826000760959946
T6_A2,4226707766,6,2,3.0,1.6831377540977244,0.1023138195083506,-5.994790040500735,-3.2660646292130484,-1.9890516630981052
T6_A2,1964874155,6,2,3.0,1.6731115727846437,0.07890625962886229,-6.158016159538565,-3.430813780751234,-1.9022440635596984
T3_A4,1937244028,3,4,3.0,0.691203209483583,0.022973492074023966,-3.2417461871172457,-2.0882676372567834,-0.6574829358007594
T3_A4,1769923155,3,4,3.0,1.1181505420518163,0.07684569698346105,-4.072501071175421,-2.233405346910263,-0.9575824035724795
T3_A4,2222358531,3,4,2.0,1.1675853042908335,0.03576871530350054,-4.040071307152789,-2.0219015007119023,-0.665715337542372
T3_A4,916095651,3,4,2.0,0.8303249168817818,0.03365208784590396,-2.949096473652,-1.55220664810845,-0.3077483643635157
T3_A4,4170116288,3,4,2.0,1.3599219846647563,0.035314296186947015,-5.37966709400258,-3.0146745117597398,-1.3770631541682026
T3_A4,3129995824,3,4,3.0,0.8288924775291563,0.036870848227617964,-3.149621888600225,-1.8276293035063418,-0.8433178866944124
T3_A4,3078286761,3,4,2.0,1.4888649195445098,0.039122156796642334,-4.104701748341385,-1.883803911318901,-0.9261589526849615
T3_A4,2344674648,3,4,2.0,1.643008876225505,0.0183830936327703,-4.725406715225854,-2.1478719106757453,-0.8208300383574378
T3_A4,2472685471,3,4,3.0,1.2987748627057933,0.0359852320579258,-4.433514330753287,-2.268719174460847,-1.0380945281593188
T3_A4,2289614822,3,4,3.0,1.7174991924606378,0.025544243637678384,-5.406837772787196,-2.766963698908127,-1.4331449939025915
T3_A4,2844023891,3,4,3.0,1.4130782217447244,0.16093633699283097,-4.313924233244766,-1.9532645019613097,-0.7212671141404716
T3_A4,2691373352,3,4,2.0,0.9669911605964838,0.03352420361980869,-3.918647238945123,-2.2837028340349828,-0.6138497424571028
T3_A4,2880686573,3,4,2.0,1.2616474987186548,0.03659807660064132,-3.976655408740771,-1.9458694557028149,-0.8582506921472776
T3_A4,3539334365,3,4,2.0,0.7323378684215693,0.02815280724660931,-3.1326861038240335,-1.843641647951294,-0.3891251609165964
T3_A4,693516645,3,4,2.0,1.0400359573596405,0.024122948205285266,-3.6913633050761914,-1.8843634342655036,-0.19119252325775415
T3_A4,304760317,3,4,3.0,1.5127385453510795,0.03452952999380226,-4.218878092681928,-1.7408727431939885,-0.6143420285208331
T3_A4,3127626771,3,4,3.0,0.8132773506438096,0.036035057810797425,-3.065167133518884,-1.7433842771961285,-0.6440674728993676
T3_A4,563543006,3,4,2.0,0.7816674720603588,0.031249326163297078,-2.9810241744313215,-1.6956916361816483,-0.45287978638469795
T3_A4,2071757275,3,4,2.5,1.3236731404564712,0.1118748756725613,-4.481097854566235,-2.2971538503042983,-1.010202659004954
T3_A4,365744374,3,4,3.0,1.0701451377270588,0.03299926030249033,-3.9763694653635184,-2.253882084417945,-0.9997460636072979
